id,age,gender,annual_income,loan_amount,loan_term,employment_type,purpose,num_dependents
1,31,Male,824188,647296,12,Self-employed,Home,2
2,48,Female,1936242,313811,48,Salaried,Education,4
3,28,Female,355312,833911,60,Salaried,Car,5
4,39,Female,285324,484946,36,Salaried,Car,3
5,21,Male,1809716,922096,36,Self-employed,Business,5
6,31,Male,459695,889556,24,Salaried,Education,4
7,56,Male,941342,739620,48,Salaried,Home,3
8,48,Female,1695567,970200,24,Salaried,Home,4
9,24,Male,248709,759116,60,Self-employed,Education,3
10,40,Male,1916539,341366,60,Self-employed,Car,0
11,35,Female,1114837,67129,12,Salaried,Car,2
12,25,Male,1037081,756322,12,Salaried,Car,3
13,57,Female,1406320,157226,24,Self-employed,Business,3
14,53,Male,434009,777557,12,Self-employed,Education,1
15,45,Female,500600,761282,24,Salaried,Home,4
16,55,Female,451503,899344,48,Self-employed,Business,4
17,63,Male,1243349,698950,48,Salaried,Business,2
18,55,Female,905849,923040,12,Self-employed,Business,1
19,25,Male,480497,196635,12,Salaried,Education,5
20,32,Female,614597,959892,60,Self-employed,Home,5
21,30,Male,625268,127216,36,Salaried,Business,3
22,50,Female,1469593,622318,36,Self-employed,Home,0
23,28,Female,1558093,223175,24,Salaried,Car,5
24,41,Female,1396797,485399,48,Salaried,Business,1
25,49,Male,559947,157414,48,Self-employed,Car,0
26,36,Female,1663039,275861,60,Salaried,Car,0
27,55,Male,643722,860181,60,Salaried,Business,3
28,22,Male,1949102,305848,24,Salaried,Car,5
29,38,Male,1049913,109186,24,Self-employed,Education,0
30,48,Male,577009,299976,12,Self-employed,Business,4
31,42,Male,1713769,655646,48,Salaried,Education,1
32,55,Male,1244919,412563,12,Self-employed,Education,5
33,34,Male,1073653,924234,60,Salaried,Car,4
34,22,Female,1914624,53900,48,Self-employed,Home,5
35,44,Male,255653,884862,24,Salaried,Education,4
36,62,Female,307965,260769,24,Salaried,Business,4
37,38,Female,559589,262088,24,Salaried,Home,0
38,55,Male,1885665,391180,48,Salaried,Car,3
39,43,Male,1807578,855082,48,Salaried,Car,0
40,30,Male,1105130,420697,36,Salaried,Home,2
41,26,Female,312012,138528,24,Salaried,Business,2
42,41,Female,1398601,591159,36,Salaried,Education,2
43,48,Male,1681744,173961,36,Salaried,Home,0
44,60,Female,1154396,367533,48,Self-employed,Car,1
45,44,Female,667672,52957,48,Salaried,Home,2
46,59,Female,541349,831533,60,Self-employed,Education,3
47,51,Female,1121683,317989,60,Salaried,Business,2
48,63,Male,332503,155912,36,Self-employed,Business,4
49,27,Male,1776451,643403,60,Salaried,Car,1
50,46,Female,897479,267727,12,Salaried,Education,3
51,49,Female,1897402,462654,48,Self-employed,Home,1
52,27,Male,429523,792126,60,Self-employed,Car,1
53,38,Female,379317,435816,24,Salaried,Car,4
54,48,Male,1339423,310294,24,Self-employed,Education,5
55,42,Male,1309925,761435,24,Salaried,Home,1
56,46,Male,957998,758400,24,Self-employed,Business,5
57,28,Female,223186,553042,24,Salaried,Education,4
58,62,Female,882367,584637,36,Self-employed,Home,5
59,30,Female,678031,316081,36,Salaried,Home,3
60,50,Male,683321,972335,60,Salaried,Car,1
61,60,Female,313932,768372,48,Self-employed,Home,3
62,58,Male,685101,348425,60,Salaried,Home,2
63,38,Female,1621126,355721,12,Salaried,Home,4
64,60,Female,409431,348054,48,Self-employed,Education,4
65,23,Male,695819,159291,24,Self-employed,Business,1
66,34,Female,1482897,83029,48,Salaried,Education,0
67,46,Male,1432078,929601,12,Self-employed,Car,0
68,37,Female,1783284,525217,12,Salaried,Business,2
69,64,Female,1766751,697683,12,Self-employed,Home,1
70,38,Male,1313597,922442,12,Salaried,Education,3
71,31,Female,1104420,607677,36,Salaried,Car,0
72,62,Male,1027699,114709,60,Salaried,Education,4
73,22,Female,982994,402534,12,Salaried,Business,0
74,36,Male,994260,106425,48,Salaried,Home,5
75,22,Female,771802,879592,48,Salaried,Home,3
76,61,Female,1113589,786764,36,Salaried,Home,5
77,21,Male,362145,192309,12,Salaried,Education,4
78,32,Male,911092,693532,48,Self-employed,Business,4
79,44,Female,221886,801908,36,Self-employed,Car,2
80,44,Male,455869,370048,60,Salaried,Business,3
81,39,Male,950825,701974,60,Salaried,Education,4
82,40,Male,1206195,828813,12,Salaried,Education,1
83,33,Female,1291746,585257,24,Salaried,Education,5
84,52,Male,604475,679398,48,Self-employed,Home,1
85,40,Male,771073,424576,48,Self-employed,Car,3
86,25,Female,1508705,242917,24,Salaried,Home,2
87,25,Female,758422,446858,60,Self-employed,Car,3
88,50,Female,709739,932066,60,Salaried,Education,2
89,59,Female,1039717,586356,24,Self-employed,Business,2
90,58,Female,735400,765380,36,Salaried,Education,2
91,59,Female,1111851,803911,24,Salaried,Business,0
92,28,Female,583506,213228,36,Self-employed,Home,0
93,36,Female,1708520,342304,24,Salaried,Business,1
94,63,Female,515808,184747,48,Self-employed,Home,0
95,28,Male,1607834,469742,60,Salaried,Business,1
96,45,Female,281466,165745,60,Salaried,Car,5
97,31,Male,885956,947914,24,Self-employed,Home,4
98,62,Female,1243030,564209,36,Salaried,Education,2
99,31,Female,256668,573561,12,Self-employed,Business,5
100,31,Female,634087,60567,24,Self-employed,Home,5
101,64,Female,1884485,325731,12,Self-employed,Car,1
102,38,Male,1783816,815325,60,Self-employed,Business,0
103,37,Male,1271162,106225,48,Self-employed,Education,2
104,52,Female,690556,976157,12,Salaried,Education,4
105,52,Male,1492716,690666,24,Salaried,Business,0
106,45,Female,542596,479225,12,Self-employed,Car,0
107,31,Male,807743,550451,60,Salaried,Home,0
108,54,Female,528642,220619,24,Self-employed,Education,5
109,29,Male,1741935,464789,24,Self-employed,Car,0
110,34,Male,358587,607459,48,Salaried,Business,2
111,63,Female,1116892,497317,24,Self-employed,Car,3
112,44,Male,1773119,71829,12,Self-employed,Home,1
113,33,Female,529138,515401,12,Self-employed,Business,0
114,64,Male,1399438,914952,48,Salaried,Car,3
115,42,Male,1866138,64534,12,Self-employed,Education,0
116,48,Female,205898,421287,60,Self-employed,Home,4
117,29,Female,1155134,569891,36,Salaried,Home,2
118,35,Male,1979953,969125,12,Self-employed,Business,5
119,29,Male,585669,912475,12,Self-employed,Business,3
120,48,Female,1916815,566064,12,Salaried,Car,3
121,25,Female,1878767,556761,60,Salaried,Business,3
122,33,Male,686840,150757,24,Salaried,Home,0
123,57,Female,1547816,582103,60,Salaried,Car,0
124,38,Male,341350,536175,36,Salaried,Education,1
125,44,Male,837851,390107,36,Salaried,Business,3
126,60,Male,1216116,169789,12,Self-employed,Car,5
127,26,Female,1953525,528940,36,Self-employed,Education,2
128,56,Male,592543,930181,12,Self-employed,Business,3
129,57,Male,1944307,428531,24,Self-employed,Home,4
130,48,Male,1077947,238198,36,Self-employed,Car,1
131,29,Female,1400645,155414,60,Self-employed,Car,2
132,48,Male,236984,980802,24,Salaried,Home,1
133,62,Male,1724728,506538,48,Salaried,Education,1
134,30,Female,267642,433236,60,Salaried,Car,3
135,47,Female,546273,262761,60,Self-employed,Home,5
136,61,Female,1660698,399960,36,Self-employed,Education,4
137,22,Female,710505,745643,60,Self-employed,Business,1
138,56,Female,673969,281948,60,Self-employed,Education,0
139,43,Female,1055875,411743,12,Salaried,Education,1
140,41,Male,1875870,318581,36,Self-employed,Business,2
141,38,Female,1735778,788945,48,Salaried,Business,2
142,21,Male,453138,620048,24,Salaried,Business,0
143,56,Female,627641,898883,12,Self-employed,Home,0
144,36,Female,1659775,892127,48,Self-employed,Business,4
145,24,Female,1273896,356112,36,Self-employed,Education,0
146,36,Male,1785439,597837,60,Salaried,Business,1
147,59,Female,1232559,165573,60,Salaried,Car,5
148,29,Male,680642,728601,12,Salaried,Home,2
149,21,Male,262360,836794,60,Salaried,Car,0
150,43,Male,1300826,547157,36,Self-employed,Home,5
151,61,Male,1533163,555946,12,Self-employed,Business,5
152,57,Female,263284,476413,48,Salaried,Car,4
153,24,Female,1675905,348176,12,Salaried,Car,4
154,24,Female,1811032,428063,24,Salaried,Car,1
155,61,Female,1825187,509492,48,Salaried,Business,2
156,35,Female,857229,61054,36,Self-employed,Education,5
157,22,Male,1465721,480568,48,Self-employed,Education,4
158,56,Female,950425,949952,24,Salaried,Business,3
159,52,Male,1694611,866328,36,Self-employed,Car,1
160,25,Male,1259892,418230,60,Salaried,Home,3
161,60,Male,211379,507704,36,Salaried,Car,4
162,57,Female,1530980,834473,60,Self-employed,Education,2
163,33,Female,777777,945858,60,Self-employed,Business,2
164,45,Male,505293,507329,60,Self-employed,Business,5
165,49,Male,1961777,986417,24,Self-employed,Business,0
166,52,Male,452929,260902,48,Self-employed,Education,2
167,21,Female,1242848,70908,24,Self-employed,Car,5
168,56,Male,1589842,990182,36,Self-employed,Business,1
169,50,Female,733655,902753,48,Salaried,Education,3
170,26,Male,460396,667846,36,Self-employed,Education,0
171,22,Female,237362,707585,12,Salaried,Education,0
172,34,Male,860760,273647,48,Salaried,Business,4
173,51,Female,1578012,586253,36,Self-employed,Business,3
174,40,Female,309420,565418,12,Self-employed,Car,0
175,64,Male,1693406,686072,60,Self-employed,Education,0
176,40,Female,452506,444157,36,Salaried,Car,5
177,24,Female,885676,693278,12,Salaried,Education,2
178,25,Female,1689792,383398,36,Salaried,Home,0
179,48,Female,1872338,760295,12,Self-employed,Education,5
180,63,Male,1150887,664085,12,Self-employed,Business,2
181,25,Male,405095,412868,12,Self-employed,Car,3
182,28,Female,810280,951490,36,Salaried,Business,5
183,24,Male,1812804,632081,24,Self-employed,Education,4
184,58,Male,1156671,743787,12,Self-employed,Education,3
185,21,Female,1976288,717210,48,Self-employed,Car,1
186,59,Male,1427851,800425,60,Salaried,Education,5
187,44,Female,1913734,980470,48,Salaried,Car,3
188,47,Female,1544104,251534,60,Self-employed,Car,5
189,60,Male,1857121,780183,60,Salaried,Business,2
190,55,Male,1722265,915141,36,Salaried,Car,3
191,44,Male,605642,314740,48,Salaried,Home,2
192,42,Female,1318847,670643,60,Salaried,Business,0
193,46,Female,570894,163763,24,Self-employed,Car,3
194,47,Male,1476306,203641,60,Self-employed,Business,0
195,24,Female,229589,825935,24,Self-employed,Education,4
196,59,Female,449559,953050,12,Salaried,Home,0
197,48,Male,1999636,701785,48,Self-employed,Business,2
198,43,Female,1141287,788666,60,Self-employed,Home,2
199,27,Male,1070548,611747,36,Self-employed,Education,0
200,33,Female,1086064,188105,36,Salaried,Business,0
201,46,Female,1842689,645568,60,Self-employed,Business,0
202,56,Male,1868287,906566,48,Salaried,Car,1
203,23,Male,1845738,763156,12,Salaried,Business,0
204,45,Male,937855,132516,48,Self-employed,Car,1
205,27,Female,1343152,517003,36,Salaried,Business,4
206,56,Female,1124044,902806,60,Salaried,Home,2
207,40,Male,1487499,357217,12,Salaried,Car,5
208,59,Male,1818103,250988,24,Salaried,Business,3
209,32,Female,296632,822543,60,Salaried,Home,2
210,34,Male,1637914,596831,48,Salaried,Home,2
211,22,Male,1500401,995250,60,Self-employed,Home,4
212,31,Female,1693395,310469,48,Salaried,Car,0
213,45,Male,764070,398263,24,Salaried,Car,1
214,56,Male,1165042,167098,48,Self-employed,Home,2
215,60,Female,1992507,187878,36,Salaried,Education,2
216,43,Female,1360808,505597,24,Self-employed,Education,4
217,44,Male,1715536,173596,24,Salaried,Home,1
218,35,Male,488580,441930,60,Self-employed,Business,5
219,49,Male,1097578,754993,12,Self-employed,Business,3
220,22,Male,1416650,251191,36,Salaried,Education,0
221,39,Female,1748762,162045,24,Self-employed,Car,5
222,29,Female,1144043,595523,60,Self-employed,Education,1
223,21,Male,621164,511545,24,Self-employed,Business,5
224,63,Male,1786833,189021,48,Self-employed,Car,3
225,40,Male,839944,76349,12,Self-employed,Business,2
226,44,Male,1632177,447789,60,Self-employed,Business,2
227,21,Female,1347244,993003,24,Salaried,Business,1
228,57,Male,750944,469290,24,Self-employed,Home,4
229,30,Female,288325,547479,60,Self-employed,Business,5
230,59,Male,1903915,125141,36,Salaried,Home,0
231,44,Female,1054142,355729,60,Self-employed,Business,3
232,49,Female,726407,536536,48,Self-employed,Education,3
233,50,Male,1739898,124877,48,Salaried,Education,3
234,31,Male,1346111,694312,24,Salaried,Car,3
235,22,Male,279521,541897,48,Salaried,Home,5
236,53,Male,1485998,409281,48,Self-employed,Business,3
237,40,Female,1748750,966985,36,Salaried,Home,3
238,32,Male,1344309,659557,36,Salaried,Business,1
239,42,Female,1425874,749445,12,Self-employed,Business,3
240,62,Female,1054968,217848,36,Salaried,Education,3
241,27,Male,863021,722048,24,Self-employed,Car,1
242,55,Male,1707400,407788,48,Salaried,Education,0
243,64,Female,1041392,875503,48,Salaried,Education,1
244,24,Female,539782,977800,12,Self-employed,Car,1
245,21,Male,1635314,56646,60,Self-employed,Home,3
246,45,Female,1740364,510391,24,Self-employed,Business,5
247,45,Female,630737,65617,24,Salaried,Business,4
248,44,Female,306918,987056,36,Salaried,Car,2
249,27,Female,1351938,704219,24,Self-employed,Business,5
250,33,Female,1760499,328626,36,Salaried,Education,5
251,30,Male,1358933,217760,12,Self-employed,Business,1
252,62,Female,1817536,598960,60,Self-employed,Home,4
253,25,Male,267532,258650,36,Salaried,Business,4
254,38,Female,339741,830841,24,Salaried,Home,2
255,37,Female,896812,274232,24,Self-employed,Education,2
256,28,Female,371702,57233,36,Self-employed,Education,3
257,37,Male,1826601,217422,24,Salaried,Car,0
258,44,Male,1066063,241389,24,Self-employed,Education,4
259,47,Female,793166,53650,48,Salaried,Business,0
260,23,Male,221204,908493,60,Self-employed,Car,2
261,29,Male,1268551,377254,24,Self-employed,Business,4
262,39,Female,458306,190788,60,Self-employed,Business,5
263,59,Female,1931160,77196,36,Salaried,Business,1
264,28,Male,1113132,211710,48,Self-employed,Home,0
265,42,Male,1947458,736433,48,Salaried,Business,2
266,49,Female,1103348,933546,60,Self-employed,Home,1
267,30,Male,205266,821986,48,Salaried,Car,2
268,29,Male,1687301,434804,12,Salaried,Business,4
269,36,Female,1591823,309114,36,Salaried,Car,4
270,24,Female,343899,370768,48,Self-employed,Car,1
271,48,Female,421553,651419,24,Self-employed,Car,5
272,47,Male,1383707,958485,24,Self-employed,Education,1
273,50,Male,1378820,340528,36,Self-employed,Education,4
274,35,Male,1242059,690742,12,Salaried,Home,3
275,32,Male,853008,251390,60,Self-employed,Business,5
276,26,Male,1151448,544064,24,Self-employed,Education,0
277,61,Female,949911,375617,24,Salaried,Car,3
278,28,Male,1636971,402081,36,Self-employed,Car,1
279,50,Female,795187,554442,60,Self-employed,Education,1
280,55,Female,1027624,636133,12,Salaried,Business,3
281,48,Male,1576196,894953,24,Self-employed,Business,5
282,49,Male,720467,295155,60,Salaried,Car,5
283,45,Male,1561569,347500,24,Salaried,Home,5
284,44,Male,1815144,577872,48,Self-employed,Education,5
285,44,Female,1716304,274566,48,Salaried,Business,0
286,21,Female,349510,761987,48,Salaried,Education,3
287,62,Male,799168,928841,36,Salaried,Business,2
288,33,Female,1281383,299461,12,Self-employed,Home,1
289,63,Male,376676,96825,24,Self-employed,Education,1
290,25,Male,498881,816392,12,Self-employed,Home,0
291,38,Male,1045783,735131,12,Salaried,Business,4
292,64,Male,1195110,729600,48,Salaried,Car,5
293,47,Male,1180145,159179,12,Salaried,Home,2
294,31,Male,631116,248426,12,Salaried,Home,1
295,23,Male,288847,296445,60,Self-employed,Education,0
296,49,Female,1197698,725297,24,Salaried,Education,4
297,44,Female,953394,745563,24,Self-employed,Education,0
298,21,Female,1868941,887236,24,Self-employed,Education,4
299,50,Female,283344,444679,60,Salaried,Education,1
300,55,Female,693379,376210,24,Self-employed,Home,5
301,36,Male,955988,442323,36,Self-employed,Education,5
302,33,Male,1718919,825395,12,Self-employed,Education,3
303,52,Male,485467,634611,24,Salaried,Business,1
304,42,Female,394024,344430,12,Self-employed,Business,4
305,29,Male,211598,624000,60,Salaried,Business,4
306,34,Male,1108007,685124,24,Self-employed,Car,0
307,54,Female,379273,98476,24,Salaried,Education,0
308,43,Male,1669826,251754,60,Salaried,Education,5
309,61,Female,1059772,152521,60,Salaried,Business,1
310,28,Female,252103,744804,36,Salaried,Business,2
311,55,Male,1845308,186564,48,Self-employed,Home,5
312,47,Male,1413803,514799,12,Salaried,Home,0
313,38,Female,566375,277616,48,Salaried,Car,5
314,33,Male,1768629,178753,12,Self-employed,Car,2
315,62,Female,1951184,986299,48,Self-employed,Home,3
316,24,Male,663804,189377,12,Self-employed,Business,0
317,38,Female,850891,494089,36,Self-employed,Business,2
318,23,Male,1053527,707963,48,Salaried,Education,4
319,59,Male,203802,956813,36,Self-employed,Business,5
320,38,Female,262160,474985,48,Self-employed,Education,5
321,27,Female,1208226,926288,48,Salaried,Car,1
322,40,Female,1555236,87737,24,Salaried,Home,3
323,35,Female,255519,852310,60,Salaried,Education,4
324,40,Male,1964858,269258,24,Self-employed,Home,2
325,55,Male,1011642,271609,60,Self-employed,Business,4
326,23,Female,679536,515270,48,Salaried,Education,1
327,51,Female,923039,697110,12,Self-employed,Education,0
328,25,Male,1903546,669942,36,Self-employed,Home,3
329,41,Male,616865,126662,24,Salaried,Car,3
330,47,Male,1002412,351317,60,Salaried,Business,3
331,30,Male,578427,68847,60,Salaried,Education,4
332,54,Male,1703199,447013,12,Salaried,Home,3
333,49,Male,1925345,180171,24,Salaried,Car,5
334,26,Female,628239,470604,36,Salaried,Business,3
335,63,Male,1929037,719438,48,Salaried,Business,0
336,27,Female,250067,479988,48,Salaried,Business,4
337,53,Male,1382464,873629,60,Salaried,Car,2
338,55,Female,1830792,398646,24,Salaried,Home,2
339,53,Female,1794059,939348,60,Salaried,Business,1
340,60,Male,1214712,834708,36,Self-employed,Business,3
341,49,Female,602072,211748,60,Self-employed,Business,3
342,44,Male,1497065,706969,36,Self-employed,Education,3
343,62,Female,864860,699137,48,Self-employed,Education,0
344,39,Female,540919,871371,12,Self-employed,Business,4
345,29,Male,330596,250655,12,Self-employed,Car,5
346,56,Female,1234797,764111,12,Self-employed,Home,5
347,49,Female,1178202,199072,12,Salaried,Home,0
348,38,Male,1812575,834404,24,Salaried,Home,4
349,53,Male,1531524,894747,36,Self-employed,Business,5
350,55,Female,620387,148647,60,Salaried,Business,3
351,45,Female,1789026,722946,48,Self-employed,Home,1
352,37,Female,232918,123831,36,Self-employed,Home,1
353,33,Female,1171646,243034,12,Self-employed,Home,3
354,41,Male,452718,111982,48,Self-employed,Business,0
355,43,Male,1973584,652358,12,Self-employed,Education,3
356,63,Female,1156594,221074,48,Salaried,Home,5
357,21,Female,1067555,787635,48,Self-employed,Home,5
358,29,Male,1693101,454339,48,Self-employed,Education,4
359,32,Male,727823,538218,12,Self-employed,Business,0
360,46,Female,1831190,577955,36,Salaried,Car,2
361,38,Female,1380100,984469,24,Self-employed,Car,2
362,55,Male,1841389,543700,36,Self-employed,Home,0
363,40,Female,429014,110606,60,Self-employed,Car,0
364,52,Male,1962415,706872,48,Self-employed,Education,1
365,31,Female,1302982,973595,24,Salaried,Business,1
366,40,Male,1668414,513653,36,Salaried,Education,4
367,38,Female,1559379,161812,36,Salaried,Home,1
368,38,Male,1015217,584236,36,Salaried,Home,2
369,58,Female,220799,963995,12,Self-employed,Education,0
370,21,Male,1212613,148955,12,Salaried,Education,2
371,49,Male,866698,333703,24,Self-employed,Home,3
372,34,Female,303274,903204,12,Salaried,Home,1
373,53,Female,1368638,96088,36,Salaried,Business,2
374,47,Female,1347903,211821,48,Self-employed,Home,4
375,30,Male,1151907,101506,24,Self-employed,Home,2
376,25,Male,1728456,731600,12,Self-employed,Business,2
377,50,Female,349949,575035,24,Salaried,Education,1
378,33,Male,1201243,802005,48,Salaried,Home,3
379,41,Female,1469256,270210,36,Self-employed,Education,1
380,50,Male,831977,338578,48,Salaried,Home,1
381,53,Male,1411155,720020,48,Self-employed,Business,2
382,26,Female,1190391,800437,12,Salaried,Education,0
383,57,Male,840152,793956,36,Self-employed,Business,5
384,41,Male,859890,96402,60,Self-employed,Business,5
385,57,Female,1058400,991212,24,Self-employed,Home,3
386,24,Male,1334178,588002,48,Salaried,Car,0
387,43,Female,1682285,841793,60,Salaried,Home,3
388,57,Male,1022520,167144,24,Salaried,Car,0
389,41,Female,575298,977925,12,Salaried,Car,3
390,59,Male,1924474,882767,60,Salaried,Education,2
391,58,Female,1353709,310020,24,Self-employed,Education,1
392,59,Male,1295391,964637,48,Salaried,Business,3
393,40,Male,643288,865297,24,Salaried,Education,4
394,39,Female,434196,511993,12,Salaried,Education,2
395,49,Male,1844440,370114,12,Self-employed,Car,2
396,29,Female,1415226,283495,24,Salaried,Education,4
397,42,Female,618749,96451,36,Salaried,Car,1
398,38,Male,1091832,118328,36,Self-employed,Business,0
399,58,Female,1276011,828057,60,Salaried,Car,0
400,30,Female,865241,791623,60,Self-employed,Education,1
401,48,Male,792672,697424,12,Self-employed,Home,1
402,56,Female,300348,890655,60,Salaried,Car,0
403,35,Male,954966,69032,48,Salaried,Car,2
404,37,Male,878633,623771,24,Salaried,Home,3
405,41,Female,1552792,98249,36,Self-employed,Business,2
406,34,Female,465239,66981,60,Self-employed,Car,4
407,29,Female,433688,567335,48,Salaried,Business,1
408,39,Male,1436546,153923,60,Self-employed,Business,3
409,35,Male,1942801,886265,12,Salaried,Business,2
410,29,Female,838099,697811,24,Self-employed,Education,2
411,31,Male,836628,229850,36,Self-employed,Education,5
412,35,Female,955311,881433,48,Self-employed,Business,2
413,23,Male,1801045,789237,12,Salaried,Home,0
414,36,Female,534486,323946,24,Salaried,Education,0
415,34,Female,1238541,61199,24,Self-employed,Education,3
416,34,Female,1610771,497048,36,Self-employed,Car,0
417,59,Female,1453286,600373,24,Self-employed,Education,1
418,52,Male,1024095,162287,24,Salaried,Home,5
419,48,Female,651147,506017,12,Self-employed,Education,5
420,42,Male,1265599,131013,60,Self-employed,Business,4
421,30,Male,1877007,985578,12,Self-employed,Car,1
422,37,Female,1146935,51787,60,Salaried,Home,4
423,54,Male,358610,852714,48,Self-employed,Home,3
424,59,Male,274634,493207,24,Salaried,Car,5
425,46,Female,419446,431244,12,Self-employed,Car,5
426,34,Male,823400,565844,48,Salaried,Car,3
427,55,Female,634077,348805,12,Self-employed,Home,5
428,59,Male,344990,294131,24,Salaried,Education,4
429,27,Male,1958648,103698,36,Salaried,Car,2
430,35,Female,1704588,997415,12,Self-employed,Business,1
431,59,Male,921604,113758,36,Self-employed,Business,2
432,25,Male,1229170,972035,12,Salaried,Education,2
433,35,Male,1418209,975424,48,Self-employed,Car,3
434,51,Female,1470097,611657,36,Self-employed,Car,3
435,29,Female,1235789,795569,36,Self-employed,Car,3
436,56,Male,277359,999639,36,Salaried,Car,4
437,50,Male,561802,957927,24,Self-employed,Education,2
438,33,Male,1688535,844773,48,Salaried,Car,3
439,54,Female,835028,109824,48,Salaried,Home,4
440,61,Female,608179,181427,12,Salaried,Home,5
441,29,Female,366609,571546,12,Self-employed,Car,1
442,26,Male,1937958,504688,36,Self-employed,Car,1
443,59,Female,495156,167019,24,Self-employed,Business,0
444,37,Female,1339746,900173,12,Salaried,Education,0
445,39,Female,231517,348902,12,Self-employed,Education,4
446,26,Male,1961749,842466,12,Self-employed,Home,4
447,58,Male,376523,687366,60,Self-employed,Home,1
448,53,Male,928926,978225,24,Salaried,Education,0
449,29,Female,1563806,903937,12,Salaried,Home,1
450,54,Female,941860,297135,48,Self-employed,Home,1
451,58,Female,1617188,81618,60,Salaried,Home,1
452,40,Male,1542307,887377,24,Self-employed,Business,0
453,58,Male,1603442,206550,36,Salaried,Home,1
454,62,Male,1801625,982890,60,Salaried,Education,0
455,29,Female,1655783,924305,60,Self-employed,Business,5
456,60,Male,1444888,126785,12,Salaried,Car,1
457,48,Female,443443,825550,48,Self-employed,Education,1
458,23,Female,298754,414118,12,Salaried,Car,4
459,37,Male,250732,375716,48,Self-employed,Education,0
460,51,Female,1299333,771443,24,Self-employed,Car,5
461,52,Male,988124,341201,48,Self-employed,Education,5
462,52,Female,1754486,818276,24,Self-employed,Home,5
463,26,Male,1396461,296213,48,Salaried,Home,0
464,34,Female,921401,117841,36,Salaried,Car,3
465,62,Male,912600,589672,24,Salaried,Business,1
466,47,Female,229895,61934,48,Self-employed,Education,5
467,41,Male,1008178,476441,36,Self-employed,Education,4
468,56,Female,514896,97244,48,Salaried,Education,2
469,28,Female,654119,682632,24,Salaried,Car,0
470,30,Female,1910097,52549,24,Salaried,Education,3
471,53,Male,1122179,311188,12,Self-employed,Business,3
472,63,Male,558772,940966,48,Salaried,Home,0
473,43,Male,926745,863031,60,Salaried,Car,3
474,62,Male,1849721,563847,12,Salaried,Car,4
475,59,Female,204583,142542,24,Self-employed,Education,5
476,64,Female,906137,797109,48,Salaried,Home,1
477,25,Male,1088707,520412,60,Salaried,Car,2
478,53,Female,660480,527475,48,Salaried,Home,4
479,27,Female,590039,539435,24,Self-employed,Home,4
480,46,Female,1725262,511233,24,Self-employed,Home,0
481,61,Female,1782763,900179,24,Self-employed,Car,0
482,24,Female,1476024,955480,60,Salaried,Home,5
483,52,Female,1463458,83769,36,Self-employed,Home,3
484,43,Female,1356749,829469,48,Salaried,Home,3
485,53,Female,1992666,267738,24,Self-employed,Home,4
486,35,Male,1876875,383448,24,Self-employed,Education,4
487,45,Female,1140852,557496,12,Salaried,Car,4
488,63,Female,1384740,82899,24,Salaried,Car,2
489,31,Male,314297,351902,12,Salaried,Car,0
490,36,Female,1117324,657406,24,Self-employed,Home,4
491,55,Male,794390,377267,12,Salaried,Business,2
492,57,Female,428251,641178,12,Self-employed,Home,4
493,27,Male,1048030,82322,48,Salaried,Education,1
494,24,Male,355073,597728,36,Salaried,Car,2
495,35,Male,1585624,333890,12,Self-employed,Home,5
496,32,Male,1126828,669211,48,Self-employed,Education,5
497,26,Male,420774,154488,24,Self-employed,Car,3
498,44,Female,587438,527739,60,Salaried,Car,1
499,48,Male,584779,413071,60,Salaried,Business,5
500,63,Female,720999,829133,24,Self-employed,Education,5
501,29,Female,1303792,598672,60,Self-employed,Education,0
502,49,Male,719236,381072,24,Self-employed,Home,4
503,49,Female,1382206,482956,60,Self-employed,Car,3
504,37,Male,1933407,105207,24,Salaried,Education,2
505,26,Male,1665250,608660,12,Salaried,Home,5
506,47,Female,219970,662749,60,Salaried,Education,4
507,33,Female,1392752,341582,36,Salaried,Car,1
508,59,Male,1523393,489212,24,Salaried,Home,5
509,46,Female,1995892,669708,36,Salaried,Education,3
510,53,Female,1935727,710020,60,Self-employed,Business,0
511,30,Male,413498,277166,48,Salaried,Car,1
512,34,Female,715490,83331,36,Salaried,Home,0
513,59,Female,1519141,909087,12,Salaried,Home,5
514,31,Female,1469580,332847,24,Self-employed,Education,2
515,63,Male,637712,798494,24,Self-employed,Home,1
516,54,Female,519581,719541,12,Self-employed,Business,1
517,38,Male,1360253,748722,12,Salaried,Education,0
518,50,Female,1404352,338782,48,Salaried,Business,1
519,46,Female,1137039,777763,12,Self-employed,Car,1
520,44,Male,1074028,59680,36,Salaried,Home,2
521,58,Female,412936,493589,12,Salaried,Business,5
522,61,Female,970445,170885,48,Self-employed,Education,5
523,29,Female,559358,127274,48,Self-employed,Home,5
524,60,Male,589671,439530,48,Self-employed,Car,0
525,49,Female,1611757,803169,48,Salaried,Home,1
526,38,Male,416158,619519,48,Self-employed,Car,2
527,37,Male,1672761,56185,12,Salaried,Business,0
528,58,Male,659608,981561,24,Salaried,Business,1
529,61,Male,918213,987038,12,Salaried,Education,1
530,39,Male,936069,363770,48,Self-employed,Car,5
531,62,Female,1284983,216917,48,Self-employed,Home,5
532,34,Female,1422232,403949,12,Salaried,Car,3
533,59,Female,1738632,169000,60,Self-employed,Business,2
534,51,Female,1805335,267960,12,Self-employed,Home,2
535,37,Female,965640,296326,12,Salaried,Car,4
536,47,Female,1298464,354055,12,Salaried,Education,0
537,42,Female,1200268,938597,24,Salaried,Home,1
538,26,Male,750012,287497,36,Self-employed,Car,3
539,41,Female,1660751,299726,48,Self-employed,Business,2
540,23,Male,409083,589323,60,Salaried,Home,5
541,29,Female,647371,790648,48,Salaried,Home,5
542,22,Male,1373519,157549,36,Self-employed,Car,0
543,29,Male,1127441,499993,60,Self-employed,Business,0
544,57,Male,435651,617457,36,Salaried,Education,2
545,23,Female,396572,326128,36,Salaried,Business,1
546,37,Male,1940323,784573,36,Salaried,Car,5
547,55,Male,290794,565584,48,Self-employed,Car,2
548,41,Female,348163,423288,48,Salaried,Home,2
549,45,Male,1495045,183755,12,Salaried,Home,4
550,32,Male,465197,925499,36,Salaried,Education,0
551,50,Female,894042,466867,36,Salaried,Business,0
552,56,Male,1292682,230112,36,Self-employed,Home,4
553,50,Male,1077874,95125,48,Salaried,Home,2
554,42,Female,580004,908267,60,Salaried,Home,3
555,64,Male,1595991,534954,12,Salaried,Business,2
556,44,Male,1542884,418852,12,Self-employed,Education,3
557,31,Female,262009,308602,12,Salaried,Car,2
558,33,Male,1346226,131050,24,Salaried,Business,0
559,30,Female,669618,278556,12,Self-employed,Car,5
560,54,Female,1784792,95294,60,Self-employed,Car,5
561,21,Female,783773,454601,36,Salaried,Education,1
562,22,Male,607159,338038,24,Salaried,Car,5
563,34,Male,1036192,54857,60,Salaried,Education,1
564,25,Male,1643468,281273,12,Salaried,Business,3
565,64,Female,918575,773344,24,Salaried,Car,2
566,39,Male,1794763,670241,48,Salaried,Business,5
567,30,Female,911102,302802,36,Self-employed,Business,5
568,26,Male,261138,842461,24,Salaried,Home,1
569,34,Female,1701602,496208,36,Self-employed,Business,1
570,22,Male,1632716,469578,60,Salaried,Car,5
571,47,Male,1494102,454413,12,Self-employed,Car,5
572,62,Female,1758497,167440,36,Salaried,Education,1
573,61,Male,407157,896759,48,Salaried,Education,0
574,36,Male,1960540,52303,36,Self-employed,Education,2
575,49,Male,705418,74233,12,Salaried,Car,0
576,40,Female,301881,801721,60,Self-employed,Home,0
577,32,Female,1903848,53818,36,Salaried,Home,3
578,57,Male,1922927,436821,36,Salaried,Education,0
579,41,Male,1151541,989764,36,Self-employed,Car,0
580,35,Female,1247095,358986,12,Salaried,Business,0
581,49,Female,875051,405634,60,Salaried,Education,4
582,47,Female,676990,736033,48,Salaried,Home,5
583,36,Male,379620,637496,36,Salaried,Business,2
584,37,Male,1548410,676811,60,Salaried,Home,4
585,45,Female,1922472,439372,60,Salaried,Business,3
586,24,Female,1184408,771274,36,Self-employed,Business,2
587,55,Male,1972142,656350,24,Self-employed,Education,3
588,30,Male,874303,555778,36,Salaried,Car,3
589,62,Male,548959,842916,12,Salaried,Education,1
590,43,Male,702191,119947,48,Salaried,Business,5
591,32,Female,573195,498227,24,Self-employed,Home,4
592,27,Male,1530869,835720,36,Salaried,Car,3
593,43,Male,535797,593468,48,Self-employed,Business,5
594,28,Female,1093319,320597,24,Self-employed,Education,4
595,51,Male,1389225,439970,36,Salaried,Car,1
596,52,Female,404243,322417,12,Salaried,Car,2
597,58,Male,1413006,212262,48,Salaried,Car,0
598,57,Male,1966839,64855,12,Self-employed,Car,4
599,53,Female,420042,844904,48,Self-employed,Business,4
600,28,Male,389914,129688,60,Salaried,Business,0
601,59,Male,736498,746072,24,Self-employed,Car,3
602,59,Male,1612457,300065,60,Salaried,Home,5
603,33,Female,1882424,521303,12,Salaried,Education,0
604,41,Male,1722063,151990,48,Salaried,Business,0
605,25,Female,1248500,277801,12,Self-employed,Education,3
606,44,Male,1660926,776659,60,Salaried,Car,3
607,53,Male,1339881,843556,36,Self-employed,Business,2
608,63,Male,328518,974377,12,Salaried,Car,3
609,26,Female,1947085,556317,12,Self-employed,Business,1
610,53,Female,320492,429031,60,Self-employed,Education,1
611,31,Male,1592503,975033,48,Salaried,Car,1
612,45,Female,630623,540798,48,Salaried,Car,3
613,48,Female,932584,870471,12,Self-employed,Business,3
614,58,Female,1224779,153059,12,Salaried,Home,4
615,32,Male,787565,917972,36,Self-employed,Education,5
616,31,Male,875561,441170,48,Self-employed,Car,4
617,35,Female,1307805,823509,12,Self-employed,Education,2
618,63,Male,998120,463454,48,Salaried,Home,1
619,51,Female,577856,761918,36,Salaried,Car,2
620,52,Male,241346,880632,36,Salaried,Car,0
621,26,Female,960868,512851,24,Salaried,Home,5
622,48,Male,736774,370233,48,Salaried,Business,5
623,45,Male,1967456,257441,60,Self-employed,Car,4
624,38,Female,1253015,471770,36,Self-employed,Education,2
625,47,Male,1543770,139697,48,Self-employed,Home,3
626,59,Male,220409,387759,48,Self-employed,Education,0
627,43,Male,1910735,62131,48,Salaried,Home,4
628,48,Male,1876876,91070,36,Self-employed,Car,0
629,24,Female,535405,822841,24,Salaried,Education,5
630,59,Female,233614,944395,60,Self-employed,Education,0
631,40,Male,830432,756762,48,Salaried,Education,3
632,26,Female,1591277,272067,24,Salaried,Business,2
633,36,Female,906451,447326,12,Salaried,Car,5
634,31,Female,1265572,644948,12,Salaried,Business,2
635,27,Male,303769,755226,60,Salaried,Home,0
636,30,Female,482017,862874,48,Salaried,Car,2
637,35,Male,224460,267964,24,Self-employed,Education,1
638,28,Male,1928154,896469,60,Salaried,Car,5
639,59,Female,1740749,199968,12,Salaried,Car,5
640,43,Male,1664907,353490,48,Salaried,Education,5
641,36,Female,763590,916845,48,Self-employed,Home,0
642,57,Female,1567737,914954,12,Salaried,Business,0
643,44,Male,797789,959229,60,Salaried,Business,2
644,43,Female,486316,488407,24,Salaried,Home,0
645,54,Female,535038,140227,48,Self-employed,Business,1
646,43,Male,381428,309511,12,Salaried,Car,3
647,46,Male,692623,326012,12,Salaried,Car,3
648,43,Male,1949118,459584,48,Self-employed,Home,1
649,31,Female,1400406,623497,60,Self-employed,Car,3
650,64,Male,312684,717911,60,Salaried,Home,2
651,33,Female,1588816,654130,36,Self-employed,Home,2
652,38,Male,792580,972926,12,Salaried,Business,5
653,42,Male,786443,393412,12,Salaried,Education,1
654,35,Female,1219440,489102,36,Salaried,Education,3
655,23,Male,1793675,219818,60,Salaried,Business,0
656,59,Female,1516753,476241,48,Salaried,Education,4
657,22,Male,422412,575363,60,Self-employed,Education,4
658,36,Female,942277,984565,36,Self-employed,Education,3
659,64,Female,534334,145067,12,Salaried,Car,4
660,56,Female,730137,727503,12,Salaried,Business,1
661,56,Female,1018251,601151,36,Salaried,Business,4
662,59,Male,1580263,295386,60,Salaried,Business,4
663,30,Male,1703596,915974,24,Salaried,Car,3
664,39,Male,1325410,322121,36,Salaried,Car,3
665,46,Female,982801,676865,12,Self-employed,Business,5
666,34,Male,1087742,169916,24,Self-employed,Car,2
667,63,Female,740978,576809,48,Salaried,Car,1
668,54,Female,762105,766413,36,Salaried,Business,2
669,28,Female,1083597,970736,60,Self-employed,Home,4
670,53,Male,638177,861281,48,Self-employed,Home,2
671,58,Female,1131648,500139,48,Self-employed,Business,3
672,22,Female,459711,267546,12,Self-employed,Car,5
673,28,Female,1034939,338176,60,Self-employed,Home,3
674,58,Male,258323,459669,60,Self-employed,Car,0
675,27,Female,1854676,501228,24,Self-employed,Car,2
676,40,Male,812243,473409,24,Salaried,Car,0
677,33,Male,829076,905906,48,Salaried,Home,2
678,29,Female,1860510,74633,12,Self-employed,Business,3
679,37,Female,1634775,985256,60,Salaried,Home,5
680,24,Female,346775,641785,36,Self-employed,Car,1
681,23,Male,1844212,759519,36,Self-employed,Car,1
682,53,Male,1193245,797725,12,Salaried,Education,3
683,24,Female,481507,544387,48,Salaried,Education,4
684,36,Female,413548,194479,12,Salaried,Home,5
685,43,Male,1776209,203552,12,Self-employed,Home,3
686,54,Female,628727,430845,48,Self-employed,Business,2
687,27,Female,979496,795142,36,Self-employed,Education,5
688,29,Male,1976266,91907,12,Self-employed,Car,2
689,59,Female,485090,256094,36,Self-employed,Car,4
690,26,Female,612279,718978,24,Salaried,Business,5
691,37,Female,1895740,988775,48,Salaried,Car,3
692,52,Female,1790619,523530,60,Salaried,Education,1
693,62,Male,1055287,421395,60,Self-employed,Car,2
694,32,Male,1659966,958160,36,Salaried,Home,4
695,38,Female,257894,521534,12,Salaried,Business,1
696,60,Female,663617,888982,60,Self-employed,Education,3
697,38,Female,989676,384525,48,Self-employed,Home,0
698,24,Male,320201,215170,36,Salaried,Car,2
699,25,Female,321506,956193,36,Self-employed,Education,0
700,56,Female,568586,916039,60,Salaried,Home,1
701,41,Female,722550,648490,24,Salaried,Home,2
702,52,Male,1043230,930996,24,Self-employed,Business,5
703,29,Male,382759,379169,24,Self-employed,Business,3
704,32,Male,1267726,580074,12,Salaried,Home,2
705,30,Male,1452915,388641,24,Self-employed,Business,0
706,35,Male,632415,465445,12,Salaried,Car,2
707,36,Male,1585796,812873,24,Salaried,Car,5
708,55,Male,1606632,862513,24,Salaried,Education,0
709,39,Male,1313401,394876,36,Self-employed,Education,3
710,51,Female,857155,345142,36,Self-employed,Education,0
711,33,Female,316135,156565,36,Salaried,Car,0
712,23,Male,1809344,677507,12,Salaried,Home,5
713,50,Male,1475623,301749,24,Self-employed,Business,2
714,30,Male,646070,442837,12,Salaried,Car,2
715,41,Female,1860802,610903,36,Self-employed,Home,3
716,62,Male,1017814,182150,24,Self-employed,Business,4
717,22,Male,1755254,131857,60,Salaried,Car,5
718,24,Male,1410502,138732,12,Self-employed,Car,0
719,23,Female,1258933,107709,12,Self-employed,Home,5
720,41,Male,436306,932120,60,Self-employed,Education,4
721,62,Male,658705,858603,60,Salaried,Home,2
722,35,Male,1146080,937362,24,Salaried,Education,5
723,52,Female,977234,76151,12,Salaried,Business,5
724,23,Female,845106,930322,60,Salaried,Education,4
725,62,Male,377821,893364,48,Self-employed,Car,1
726,32,Female,1993377,493780,60,Salaried,Business,5
727,58,Female,1884071,862983,36,Salaried,Education,1
728,44,Female,288661,142533,60,Self-employed,Business,4
729,48,Male,834208,411704,60,Salaried,Education,1
730,61,Female,845592,358893,36,Self-employed,Home,5
731,33,Female,1024891,375579,36,Salaried,Business,3
732,24,Male,1086091,944036,60,Salaried,Home,3
733,33,Female,1576940,659592,48,Salaried,Car,2
734,45,Male,1076830,750544,36,Salaried,Education,3
735,41,Male,1990852,778147,60,Self-employed,Home,2
736,59,Female,1672999,230037,36,Salaried,Car,3
737,64,Male,950609,963686,12,Self-employed,Education,2
738,22,Male,643626,344660,12,Salaried,Education,0
739,33,Female,489490,877910,12,Self-employed,Home,3
740,52,Female,1457205,180558,48,Self-employed,Education,4
741,32,Male,597041,907656,12,Salaried,Car,3
742,59,Male,1038128,144737,12,Self-employed,Car,1
743,59,Male,361972,486713,12,Self-employed,Home,2
744,22,Female,483949,511485,36,Salaried,Car,3
745,27,Male,1290896,342254,12,Salaried,Education,1
746,27,Female,698062,204000,48,Salaried,Business,1
747,25,Female,440530,554258,24,Salaried,Home,0
748,42,Female,1114306,831383,36,Self-employed,Car,1
749,31,Female,404113,267497,36,Salaried,Education,2
750,25,Male,1920293,453858,60,Salaried,Home,3
751,30,Female,587638,197939,36,Salaried,Education,2
752,26,Male,577501,853088,48,Self-employed,Home,0
753,37,Female,553058,257828,36,Salaried,Car,0
754,56,Male,1052600,209729,12,Salaried,Education,4
755,40,Female,1849390,601702,36,Salaried,Home,5
756,53,Female,1818823,706593,24,Salaried,Education,1
757,39,Male,698192,99268,60,Salaried,Business,0
758,58,Female,1206014,129582,60,Salaried,Education,1
759,56,Female,371867,120274,36,Salaried,Business,1
760,59,Male,423958,654821,12,Salaried,Business,1
761,34,Female,1218471,516009,12,Self-employed,Business,3
762,46,Female,812133,525959,12,Self-employed,Home,2
763,29,Female,1673839,496190,48,Self-employed,Car,5
764,54,Male,598670,378983,60,Salaried,Education,2
765,51,Male,749283,648752,36,Salaried,Education,3
766,51,Male,1535315,245107,36,Salaried,Home,3
767,40,Female,1564302,661297,12,Self-employed,Car,4
768,50,Male,1251285,933746,12,Self-employed,Car,1
769,61,Male,1806283,467194,60,Self-employed,Education,0
770,58,Female,1095793,363524,36,Self-employed,Education,2
771,55,Male,1602506,127359,60,Self-employed,Home,5
772,53,Female,945686,561995,36,Salaried,Education,1
773,26,Male,364310,202105,12,Self-employed,Business,0
774,43,Male,1826527,184012,24,Salaried,Home,1
775,50,Female,1824446,979653,60,Salaried,Car,5
776,56,Male,559035,372436,36,Salaried,Education,1
777,54,Female,1431375,52275,12,Self-employed,Car,1
778,30,Female,1803230,710550,48,Self-employed,Education,5
779,22,Male,1935787,527598,12,Self-employed,Home,5
780,53,Male,992375,814019,12,Salaried,Education,3
781,44,Female,373096,994247,12,Self-employed,Business,2
782,39,Female,1321782,60002,24,Salaried,Car,0
783,31,Male,1407123,591093,60,Salaried,Education,4
784,58,Male,1343131,282252,36,Salaried,Home,0
785,41,Male,868107,213944,24,Self-employed,Education,1
786,56,Male,429283,64793,36,Salaried,Education,5
787,51,Male,591073,509127,48,Salaried,Car,3
788,49,Female,616511,915568,24,Self-employed,Home,2
789,29,Male,1053489,160076,12,Salaried,Home,4
790,62,Female,568561,70811,24,Salaried,Education,0
791,28,Male,1048016,577014,48,Salaried,Car,2
792,25,Male,1125537,921798,60,Salaried,Business,1
793,64,Female,1729044,416625,60,Salaried,Home,1
794,45,Male,698785,220426,36,Self-employed,Business,3
795,52,Male,1318156,758578,12,Salaried,Home,2
796,53,Male,1129655,298903,36,Salaried,Education,2
797,57,Male,399859,625048,48,Salaried,Business,5
798,23,Female,832979,547057,24,Self-employed,Car,3
799,54,Female,1850960,495065,48,Salaried,Business,5
800,42,Male,1620148,123332,12,Self-employed,Car,1
801,59,Male,699751,628406,48,Self-employed,Business,4
802,31,Male,769398,112084,36,Self-employed,Business,3
803,55,Male,1919879,141232,60,Salaried,Home,3
804,56,Male,1207242,480301,36,Salaried,Home,4
805,33,Female,1374840,883160,24,Self-employed,Education,2
806,56,Female,1109496,358744,60,Self-employed,Business,0
807,59,Male,993674,363283,48,Salaried,Home,4
808,60,Male,1861749,846796,48,Self-employed,Home,3
809,31,Male,376036,655611,60,Self-employed,Car,2
810,48,Male,383324,375320,12,Salaried,Car,4
811,48,Male,359403,719527,60,Self-employed,Home,3
812,55,Female,974000,523126,60,Salaried,Business,1
813,42,Female,1971099,887943,12,Salaried,Home,5
814,42,Female,1909055,810355,12,Self-employed,Education,2
815,36,Female,1248524,369876,60,Salaried,Home,5
816,33,Male,1570580,983937,48,Salaried,Education,0
817,50,Male,435967,690261,36,Salaried,Business,2
818,30,Female,691117,633602,24,Salaried,Home,0
819,30,Female,919633,657848,36,Self-employed,Education,5
820,28,Female,257224,713582,48,Salaried,Home,1
821,58,Female,206312,345281,12,Self-employed,Business,5
822,46,Male,1665255,575734,24,Salaried,Car,2
823,45,Male,1466463,82717,48,Salaried,Home,0
824,50,Male,1910431,510202,60,Salaried,Home,4
825,33,Male,719938,728286,60,Self-employed,Home,1
826,21,Female,1812144,517077,60,Self-employed,Home,1
827,30,Male,630796,495037,36,Salaried,Car,4
828,37,Male,396315,271842,60,Self-employed,Car,0
829,56,Male,264057,997856,48,Salaried,Home,5
830,27,Male,1584304,948413,60,Salaried,Business,5
831,52,Male,874764,961753,12,Self-employed,Education,0
832,56,Female,672539,472707,24,Salaried,Home,0
833,50,Female,731815,388936,36,Salaried,Business,2
834,41,Female,1492347,823872,48,Self-employed,Education,4
835,33,Female,1978225,317206,12,Salaried,Business,3
836,21,Male,775929,976499,60,Self-employed,Education,3
837,34,Male,1966506,713836,60,Self-employed,Car,0
838,58,Female,1151328,530071,36,Self-employed,Business,0
839,41,Male,1391394,539683,12,Self-employed,Car,0
840,22,Male,488393,220769,60,Salaried,Home,3
841,39,Female,215095,472191,24,Self-employed,Car,3
842,28,Male,1757968,713502,36,Salaried,Car,1
843,39,Male,282964,825190,48,Salaried,Business,0
844,50,Female,1105104,838243,36,Self-employed,Education,0
845,40,Male,223381,233293,60,Self-employed,Education,1
846,51,Female,1886402,263511,12,Salaried,Home,1
847,50,Female,1839449,831241,48,Self-employed,Education,0
848,57,Female,1809571,606292,48,Salaried,Car,0
849,41,Male,1702039,904508,36,Self-employed,Business,1
850,26,Female,209318,314826,24,Salaried,Car,1
851,52,Female,439976,764403,60,Self-employed,Business,1
852,40,Male,783978,176482,48,Self-employed,Business,4
853,21,Female,1169548,328261,12,Self-employed,Car,4
854,61,Male,1457792,549385,36,Salaried,Education,3
855,53,Female,988208,259704,12,Salaried,Car,3
856,28,Male,812060,251707,48,Salaried,Home,4
857,32,Female,1430734,195491,12,Self-employed,Business,2
858,45,Female,1498422,547407,48,Salaried,Education,1
859,25,Female,1956561,118864,48,Self-employed,Home,3
860,22,Male,785955,64874,36,Self-employed,Business,5
861,62,Female,768789,641967,60,Self-employed,Car,1
862,21,Male,1806287,740758,36,Self-employed,Business,0
863,30,Female,1085679,383639,60,Salaried,Car,4
864,29,Female,695756,776417,12,Self-employed,Business,1
865,49,Female,1121686,568687,60,Self-employed,Education,5
866,25,Male,1332925,196790,36,Salaried,Car,5
867,28,Female,1343242,761068,12,Salaried,Home,3
868,40,Male,1321500,741709,12,Salaried,Car,4
869,29,Female,1786574,119095,12,Salaried,Education,0
870,48,Male,1551005,335254,60,Self-employed,Car,5
871,28,Male,1971014,695408,48,Salaried,Education,3
872,33,Female,1150940,91267,36,Self-employed,Education,3
873,32,Male,270484,682272,24,Salaried,Car,5
874,23,Male,1073323,253639,24,Salaried,Education,3
875,27,Female,1627053,587491,24,Self-employed,Business,3
876,58,Female,1926046,247152,48,Self-employed,Home,0
877,53,Male,473770,893834,12,Self-employed,Business,2
878,29,Male,962465,803743,48,Salaried,Home,5
879,45,Female,1521523,588432,60,Salaried,Education,0
880,29,Female,1556539,419969,36,Self-employed,Business,3
881,61,Female,1704801,680644,24,Self-employed,Car,2
882,49,Female,1339455,742089,48,Self-employed,Car,5
883,23,Male,526914,120401,24,Salaried,Education,3
884,27,Female,239750,92879,60,Self-employed,Education,4
885,43,Male,1338812,69194,12,Salaried,Business,0
886,44,Male,1358439,685353,12,Self-employed,Business,4
887,48,Female,619734,235145,36,Salaried,Education,4
888,27,Female,1025802,253069,36,Salaried,Car,5
889,49,Male,628916,957273,36,Salaried,Education,2
890,46,Female,899660,460729,36,Self-employed,Business,2
891,31,Male,1649942,540229,36,Salaried,Business,0
892,31,Female,1903283,711641,12,Self-employed,Business,3
893,43,Female,478161,228769,60,Self-employed,Education,5
894,21,Female,1761152,692606,12,Salaried,Education,5
895,37,Female,686226,684153,36,Self-employed,Home,4
896,41,Male,218547,399749,60,Salaried,Business,1
897,24,Female,798629,249944,48,Self-employed,Home,2
898,56,Male,992870,424539,12,Self-employed,Business,0
899,25,Female,1549649,454752,60,Self-employed,Business,4
900,55,Male,1170569,503585,24,Self-employed,Car,1
901,37,Male,1659272,861476,36,Self-employed,Home,1
902,42,Female,479512,250034,24,Self-employed,Business,2
903,59,Female,1483881,702476,24,Salaried,Home,2
904,64,Female,966516,681033,48,Salaried,Home,2
905,41,Female,1111301,292333,60,Self-employed,Home,4
906,59,Male,406433,223281,48,Self-employed,Car,0
907,34,Male,580937,808142,12,Salaried,Car,0
908,29,Male,1996615,99889,60,Self-employed,Business,2
909,58,Female,622635,478419,48,Self-employed,Car,5
910,35,Male,250978,536689,60,Salaried,Education,5
911,32,Female,512576,385763,48,Self-employed,Education,1
912,29,Female,201073,280829,36,Self-employed,Business,0
913,27,Female,411514,321861,36,Salaried,Car,0
914,21,Female,1789077,776722,36,Self-employed,Business,0
915,57,Male,691955,267255,12,Self-employed,Car,2
916,53,Female,1745944,329230,48,Self-employed,Car,3
917,39,Male,637912,289636,60,Self-employed,Education,0
918,61,Female,395757,804492,48,Self-employed,Home,1
919,61,Female,1721347,902693,36,Salaried,Home,3
920,30,Male,1605684,173980,48,Self-employed,Car,1
921,52,Male,911324,955485,24,Self-employed,Education,1
922,37,Female,1536380,937911,12,Salaried,Home,2
923,51,Female,1321595,139921,12,Salaried,Car,2
924,56,Female,1170776,668935,24,Salaried,Education,1
925,57,Male,247510,137244,60,Self-employed,Education,0
926,46,Male,1975908,209134,36,Salaried,Car,2
927,33,Female,1843959,344780,12,Self-employed,Business,4
928,37,Male,232172,919473,36,Self-employed,Business,5
929,21,Male,391105,730836,60,Self-employed,Home,1
930,30,Male,1072545,836609,24,Salaried,Home,1
931,42,Female,1973125,660731,48,Self-employed,Home,2
932,62,Female,1090947,898081,36,Self-employed,Car,5
933,57,Male,1919195,899380,12,Self-employed,Education,5
934,28,Female,1332373,868770,12,Salaried,Business,5
935,52,Female,331089,112159,36,Salaried,Home,0
936,32,Male,939813,504819,36,Self-employed,Education,2
937,46,Male,568979,829815,36,Salaried,Home,5
938,51,Male,1257973,937789,48,Self-employed,Business,2
939,50,Female,1440227,743568,48,Self-employed,Home,4
940,49,Female,619057,798194,36,Salaried,Education,1
941,43,Female,695028,545637,48,Salaried,Education,5
942,22,Female,897196,909925,60,Self-employed,Education,5
943,57,Female,868418,856554,60,Self-employed,Home,5
944,63,Male,1987192,754574,12,Self-employed,Home,1
945,32,Female,1977366,526259,12,Self-employed,Home,3
946,26,Female,236874,968115,24,Self-employed,Education,1
947,30,Male,620485,674845,60,Self-employed,Home,2
948,54,Male,548111,719839,48,Salaried,Education,1
949,26,Female,1485129,162981,12,Self-employed,Car,4
950,44,Male,887548,598838,60,Self-employed,Home,5
951,47,Male,1331438,679649,48,Salaried,Home,5
952,54,Female,1712309,978353,36,Self-employed,Home,2
953,28,Female,1710372,74202,24,Self-employed,Car,2
954,50,Male,415110,158938,24,Salaried,Education,1
955,33,Female,1027142,134208,12,Self-employed,Home,3
956,43,Female,363866,991645,12,Salaried,Home,1
957,22,Female,1613089,204676,24,Self-employed,Business,1
958,56,Male,1386286,649281,36,Salaried,Car,0
959,41,Female,837093,131485,60,Salaried,Home,5
960,51,Male,287523,655475,36,Self-employed,Car,3
961,33,Female,816426,568274,48,Self-employed,Home,0
962,64,Male,1969114,218865,12,Self-employed,Home,5
963,27,Female,1783020,481110,12,Salaried,Home,1
964,64,Female,1654464,817638,24,Salaried,Business,1
965,24,Female,275226,146232,12,Salaried,Education,3
966,45,Male,1429178,699215,48,Self-employed,Business,1
967,47,Female,899760,83563,24,Self-employed,Business,2
968,25,Male,1318954,788322,36,Self-employed,Business,0
969,52,Female,1446838,133755,24,Self-employed,Education,4
970,23,Female,242511,491925,24,Self-employed,Home,0
971,37,Female,436574,560206,48,Salaried,Business,1
972,54,Female,1628342,312751,48,Salaried,Business,0
973,21,Male,1713272,169150,12,Salaried,Home,3
974,43,Male,1987523,414022,24,Self-employed,Home,1
975,59,Female,646522,491840,12,Self-employed,Car,0
976,44,Male,946867,738134,24,Self-employed,Car,1
977,61,Male,914250,84039,48,Self-employed,Home,3
978,43,Female,1692641,167155,24,Self-employed,Business,5
979,33,Female,1602852,297985,12,Salaried,Home,4
980,60,Female,1960710,972806,12,Salaried,Education,3
981,39,Female,665031,738584,12,Salaried,Education,0
982,54,Male,289360,946697,12,Self-employed,Home,4
983,36,Female,1226515,280046,60,Self-employed,Business,2
984,28,Male,954911,192137,60,Self-employed,Education,2
985,57,Male,425107,444245,60,Salaried,Home,0
986,40,Female,496301,377893,12,Self-employed,Car,2
987,38,Male,1975451,571684,36,Salaried,Education,2
988,43,Female,1445737,264692,36,Self-employed,Business,3
989,52,Male,584931,319123,48,Self-employed,Car,3
990,33,Male,466978,400166,24,Salaried,Car,4
991,22,Male,962840,983111,60,Salaried,Business,0
992,26,Female,417962,572992,36,Salaried,Car,3
993,49,Male,832418,371457,24,Salaried,Business,0
994,57,Male,234458,494400,12,Self-employed,Education,4
995,48,Male,411174,468433,60,Self-employed,Business,4
996,60,Male,262619,570173,24,Salaried,Education,5
997,38,Female,1615118,541496,36,Self-employed,Car,0
998,42,Male,439349,241349,24,Self-employed,Car,3
999,57,Male,538962,221597,24,Salaried,Home,5
1000,27,Male,687658,769721,36,Self-employed,Home,0
